INSERT INTO Weapons_gen_specs(Type_weapon, Model_name, Brand, Speed, Weight, Avg_Price) VALUES
('Пистолет', 'ПМ', 'ИМЗ', 10, 2, 15000), 
('Пистолет', 'Удав', 'ЦНИИТОЧМАШ', 25, 2, 32000), 
('Пистолет', 'M1911', 'Colt', 10, 4, 50000),
('Пистолет', 'P226', 'Sig Sauer', 12, 3, 45000),
('Пистолет', 'PPK', 'Valther', 8, 1, 60000),
('Автомат', 'АК-74М', 'Концерн Калашников', 30, 6, 35000),
('Автомат', 'АК-103', 'Концерн Калашников', 32, 6, 40000),
('Автомат', 'Tavor', 'IWI', 37, 4, 70000),
('Автомат', 'АЕК-971', 'КМЗ', 32, 7, 50000),
('Автомат', 'АМ-17', 'Концерн Калашников', 33, 4, 45000),
('Сн. винт.', 'СВД', 'КМЗ', 10, 10, 35000),
('Сн. винт.', 'Т-5000', 'Orsis', 12, 15, 400000),
('Сн. винт.', 'M200', 'CheyTac', 8, 20, 300000),
('Сн. винт.', 'M82', 'Barrett', 8, 20, 300000),
('Сн. винт.', 'M2000', 'CheyTac', 8, 20, 300000),
('Сн. винт.', 'L96A1', 'Arctic Weapons', 12, 15, 200000),
('Дробовик', 'МР-18М', 'ИжМех', 8, 6, 15000),
('Дробовик', 'Сайга-12', 'ИжМаш', 8, 7, 61000),
('Дробовик', 'МР-43', 'ИжМех', 8, 6, 15000),
('Дробовик', 'Вепрь-12', 'ВПО', 12, 10, 70500),
('Револьвер', 'No3 Russian First Model', 'Smith&Wesson', 10, 4, 39000),
('Револьвер', 'Наган обр. 1895 г.', 'Manufacture d´Armes Nagant Freres', 11, 4, 60000),
('Револьвер', 'Наган обр. 1898 г.', 'Тульское оружие', 11, 4, 20000),
('Револьвер', 'АЕК-906', 'КМЗ', 15, 4, 32000),
('Револьвер', 'ОЦ-20', 'ЦКИБ СОО', 8, 6, 40000),
('Револьвер', 'ДОГ-1', 'ИжГТУ', 12, 3, 70000),
('Револьвер', 'МР-411', 'ИжМех', 7, 2, 100000),
('Револьвер', 'ОЦ-01', 'ЦКИБ СОО', 8, 6, 40000),
('ПП', 'ПП-2000', 'Тульское КБ Приборостроения', 40, 5, 100000),
('ПП', 'АЕК-918', 'КМЗ', 40, 4, 150000),
('ПП', 'ОЦ-02', 'ЦКИБ СОО', 30, 5, 60000),
('ПП', 'Бизон-2', 'Концерн Калашников', 50, 7, 200000),
('ПП', 'ПП-93', 'КМЗ', 42, 6, 80000),
('ПП', 'ПП-91', 'ИжМех', 40, 8, 65000);


INSERT INTO Weapons_Specs(Weapon_Id, W_name, Caliber) VALUES 
(1, 'ПМ', '9x18'), (2, 'Удав', '9x21'), (3, 'M1911', '45 ACP'), (4, 'P226', '9x19'), 
(5, 'PPK', '32 ACP'), (6, 'АК-74М', '5.45x39'), (7, 'АК-103', '7.62x39'), (8, 'Tavor', '5.56x45'),
(9, 'АЕК-971', '5.45x39'), (10, 'АМ-17', '5.45x39'), (11, 'СВД', '7.62x54'), (12, 'Т-5000', '8.6x70'),
(13, 'M200', '10.3x77'), (14, 'M82', '12.7x99'), (15, 'M2000', '10.3x77'), (16, 'L96A1', '7.62x54'),
(17, 'МР-18М', '20'), (18, 'Сайга-12', '12'), (19, 'МР-43', '20'), (20, 'Вепрь-12', '12'),
(21, 'No3 Russian First Model', '.44 Russian'), (22, 'Наган обр. 1895 г.', '7.62x38'), (23, 'Наган обр. 1898 г.', '7.62x38'), 
(24, 'АЕК-906', '9x18'), (25, 'ОЦ-20', '12.5x40'), (26, 'ДОГ-1', '12.5x35'), (27, 'МР-411', '22LR'),
(28, 'ОЦ-01', '9x18'), (29, 'ПП-2000', '9x19'), (30, 'АЕК-918', '9x18'), (31, 'ОЦ-02', '9x18'), 
(32, 'Бизон-2', '9x18'), (33, 'ПП-93', '9x18'), (34, 'ПП-91', '9x18');

INSERT INTO Clients(Client_Id, Phone_num, Name) VALUES
(1, 78122402998, 'ОП Конгресс-безопасность'), (2, 78122444100, 'ОП ТехноПроект безопасность'),
(3, 78123181931, 'Альянс структур безопасности Воевода'), (4, 78126145091, 'ГК Аксиома Безопасности'),
(5, 79313118438, 'ОП Актив Безопасность'), (6, 78124491441, 'ГК Цезарь Сателлит'), 
(7, 78124499804, 'Системы Безопасности Дельта'), (8, 78005112424, 'ГК безопасности Борс'),
(9, 78004440555, 'МСС - Современные решения безопасности'), (10, 79319879677, 'ЧОО Арсенал Санкт-Петербург'),
(11, 78123177426, 'ГК безопасности Сигма-Профи'), (12, 78126406569, 'ГК Синтез МКФ'),
(13, 78123120101, 'ОП Балтик Эскорт холдинг'), (14, 78125533322, 'ОП Стриж'),
(15, 78123122722, 'ГОО Дита'), (16, 78126359195, 'ГК Росохрана'), 
(17, 375336699113, 'ИП Соколов Д.В.'), (18, 375173601378, 'Майсейфти'), 
(19, 375296525799, 'АББИЗ'), (20, 998712442721, 'G4S Uzbekistan');

INSERT INTO Orders(Order_Id, Order_date, O_Client_Id, Delivery_address, What_weapon, Order_price) VALUES
(1, '2023-05-03', 14, 'Россия, СПб, Пр. Тореза 98к1', 8, 75000), (2, '2022-03-24', 6, 'Россия, СПб, ул. Орджоникидзе 44к2 лит. А', 20, 65000),
(3, '2023-02-21', 3, 'Россия, СПб, ул. Киевская 6', 18, 15000), (4, '2023-02-20', 1, 'Россия, СПб, Малый проспект В.О. 48к2', 10, 45000),
(5, '2023-02-22', 18, 'Беларусь, Минск, ул. Володько 24А', 1, 15000), (6, '2023-04-22', 20, 'Узбекистан, Бухара, ул. Хамзы, 21', 12, 350000);

INSERT INTO MVD_Data(MVD_Order_Id, MVD_client, MVD_Model_name, Weapon_serial) VALUES
(1, 'ОП Стриж', 'Tavor', 'IL123456789'), (2, 'ГК Цезарь Сателлит', 'Вепрь-12', 'АЯВ358787'),
(3, 'Альянс структур безопасности Воевода', 'Сайга-12', 'СГ1268939692'), (4, 'ОП Конгресс-безопасность', 'АМ-17', 'KK249V249'),
(5, 'Майсейфти', 'ПМ', 'ПМ456Ц29569'), (6, 'G4S Uzbekistan', 'Т-5000', 'ORSIS12949285');
